{
  "project_info": {
    "project_number": "328694871393",
    "project_id": "martideas-79719",
    "storage_bucket": "martideas-79719.appspot.com"
  },
  "client": [
    {
      "client_info": {
        "mobilesdk_app_id": "1:328694871393:android:90004c56d236aea353c120",
        "android_client_info": {
          "package_name": "com.gettimart.com.martideas.martideas"
        }
      },
      "oauth_client": [
        {
          "client_id": "328694871393-jk4fevdoouuos995d0j293opsgqve8lf.apps.googleusercontent.com",
          "client_type": 3
        }
      ],
      "api_key": [
        {
          "current_key": "AIzaSyAeHCXCmIplZkIF_0mzVl6cnvz4SwsRln4"
        }
      ],
      "services": {
        "appinvite_service": {
          "other_platform_oauth_client": [
            {
              "client_id": "328694871393-jk4fevdoouuos995d0j293opsgqve8lf.apps.googleusercontent.com",
              "client_type": 3
            }
          ]
        }
      }
    }
  ],
  "configuration_version": "1"
}